1,Пак Сон Хун,1985-02-18,м,actor
2,Ли До Хён,1995-04-11,м,actor
3,Ём Хе Ран,1976-10-30,ж,actor
4,Сон Хе Гё,1981-11-22,-,actor
5,Чон Сон Иль,1980-02-03,м,actor
6,Им Джи Ён,1990-06-23,-,actor
7,Кан Гиль У,1986-11-10,м,actor
8,Квон Бом Тэк,1958-09-13,-,actor
9,Чхве Кван Иль,1971-06-08,-,actor
10,Ким Сон Хва,1971-05-01,ж,actor
11,Ли Мин Гу,,-,actor
12,Ким Гон У,1992-01-10,м,actor
13,Ли Му Сэн,1980-05-10,м,actor
14,Пак Джи А,1972-02-25,ж,actor
15,Син Йе Ын,1998-01-18,ж,actor
16,Юн Да Гён,1971-07-10,-,actor
17,Ким Квон,1982-01-29,м,actor
18,Син Ён Сук,1952-04-09,-,actor
19,Ким Чжон Ён,1972-07-27,ж,actor
20,Ли Хэ Ён,1970-09-07,-,actor
21,Ли Си Ён,1986-04-25,ж,actor
22,Чон Джи Со,1999-09-17,ж,actor
23,Ким Би Би,1978-02-22,-,actor
24,Чхве Су Ин,2004-03-05,-,actor
25,Хо Дон Вон,1980-06-09,м,actor
26,Ли Джун Ок,1979-04-12,м,actor
27,Сон Сук,1944-05-13,-,actor
28,Ли Ын Джу,1968-10-05,ж,actor
29,О Мин Э,,ж,actor
30,Пак Ю Миль,1980-01-18,ж,actor
31,Ан Джи Хе,1987-05-30,-,actor
32,Ким Сын Хва,1993-07-14,ж,actor
33,Чха Чжу Ён,1990-06-05,ж,actor
34,Ли Пён Чжун,1964-01-27,м,actor
35,Мин Ку Гён,,м,actor
36,Ким Джин,,ж,actor
37,Сон Кан Гук,1973-06-29,м,actor
38,Чон А Ми,1964-06-05,-,actor
39,Ли Ду Сок,1985-05-10,-,actor
40,Ким Хиора,1989-03-18,ж,actor
41,Пэ Ган Хи,1997-12-17,ж,actor
42,Пак Сан Чжон,,м,actor
43,Сон Джи У,1997-12-15,ж,actor
44,Хван Кван Хи,1988-08-25,-,actor
45,Рю Сон Хён,1971-07-17,м,actor
46,Чон Кён Хо,1983-08-31,-,actor
47,Чон До Ён,1973-02-11,ж,actor
48,Ли Кён Ук,1985-06-13,м,actor
49,Кан На Он,2001-04-15,ж,actor
50,Ро Юн Со,2000-01-25,ж,actor
51,Ким Сон Ён,1976-04-10,ж,actor
52,Ким Тхэ Чжон,1999-01-21,м,actor
53,Ли Мин Джэ,2000-01-21,м,actor
54,Ким Джун Вон,1975-09-15,-,actor
55,Ли Чжи Хэ,1980-07-04,ж,actor
56,Ким Ми Гён,1963-10-14,ж,actor
57,Хо Чон До,1978-12-24,м,actor
58,Хван Бо Ра,1983-10-02,ж,actor
59,Чхве Со Юль,2016-01-26,ж,actor
60,Чжи Иль Чжу,1985-11-07,м,actor
61,Гу Бон Джин,1979-02-01,м,actor
62,Хон Тхэ Ый,2000-04-15,м,actor
63,Син Джэ Ха,1993-04-02,м,actor
64,Чан Ён Нам,1973-11-25,ж,actor
65,Ли Ён,1995-02-27,-,actor
66,Ли Бон Рён,1981-02-07,ж,actor
67,О Ый Сик,1983-11-01,м,actor
68,Ли Чхэ Мин,2000-09-15,м,actor
69,Ким Си Ён,1980-02-28,-,actor
70,Ким Мин Гю,1994-12-25,м,actor
71,Ли Чан У,1986-06-01,м,actor
72,Го Бо Гёль,1988-05-02,ж,actor
73,Ким Со Ха,1980-09-12,м,actor
74,Так Джэ Хун,1968-07-24,-,actor
75,О Джин Сок,1995-01-07,м,actor
76,Чон Су Хён,1997-03-05,-,actor
77,Ким Со Ха,1993-09-23,м,actor
78,Хон Сын Бом,1991-12-28,-,actor
79,Чхве Джэ Хён,1995-07-25,м,actor
80,Чхве Дэ Чхоль,1978-10-16,-,actor
81,Ли Вон Джун,2002-03-08,м,actor
82,Йе Джи Вон,1973-02-01,ж,actor
83,Син Кю Хён,1995-12-19,м,actor
84,Пэк Со Бин,1984-09-07,м,actor
85,Син Мён Сон,1994-07-26,м,actor
86,Пак Сан Нам,1994-01-29,м,actor
87,Пак Хён Сик,1991-11-16,м,actor
88,Чон Со Ни,1991-03-20,ж,actor
89,Ли Мин Джи,1988-11-01,ж,actor
90,Ким Со Джун,2010-01-03,м,actor
91,Чон Да Ын,2001-01-26,ж,actor
92,Сон Пён Хо,1962-08-25,-,actor
93,Хон Су Хён,1981-02-15,ж,actor
94,Ли Ми Ын,1970-07-24,-,actor
95,Пак Си Вон,2011-02-07,м,actor
96,Ким У Сок,1994-03-03,м,actor
97,Пак Хё Джун,1980-06-12,м,actor
98,Хо Вон Со,2001-11-16,м,actor
99,О Хи Джун,1988-02-25,м,actor
100,Чо Сон Ха,1966-08-08,м,actor
101,Со Тхэ Хва,1967-03-31,-,actor
102,Чон Ин Гём,1968-04-09,-,actor
103,Чо Чжэ Рён,1976-03-14,м,actor
104,Ким Ки Ду,1982-10-25,-,actor
105,Им Иль Гю,1978-06-14,м,actor
106,Пё Йе Чжин,1992-02-03,ж,actor
107,Юн Чон Сок,1992-05-28,-,actor
108,Сон Кван Оп,1970-07-03,-,actor
109,Им Хан Бин,2009-06-27,м,actor
110,Пак Сон У,1970-12-28,-,actor
111,Ли Джон Хёк,1974-07-31,м,actor
112,Ли Тхэ Сон,1993-07-16,-,actor
113,Юн Йе Хи,1968-02-01,-,actor
114,Чон Ун Ин,1971-01-20,-,actor
115,Чэнь Син Сюй,1996-03-31,м,actor
116,Ли Лань Ди,1999-09-02,ж,actor
117,Хэ Сюань Линь,1992-03-05,ж,actor
118,Чэнь Му Чи,1997-03-04,м,actor
119,Цао Цзе,1996-05-22,м,actor
120,Ху Жань,1980-01-15,ж,actor
121,Цзян Сяо Линь,1991-10-25,-,actor
122,Тан Го Чжун,,-,actor
123,Ван Ли На,1999-03-23,ж,actor
124,Фу Хун Шэн,,м,actor
125,Дай Я Ци,1998-05-29,ж,actor
126,Чжоу Чжань,1997-07-06,м,actor
127,Цао Бо,,м,actor
128,Цинь Тянь Юй,1993-07-10,м,actor
129,Лу Цзюнь Яо,1990-11-01,ж,actor
130,Ким Ён Кван,1987-01-11,м,actor
131,Ли Сон Гён,1990-08-10,ж,actor
132,Чан  Сон Бом,1995-07-18,м,actor
133,Нам Ки Э,1961-09-13,-,actor
134,Чжин Со Ён,1991-06-02,-,actor
135,Ким Йе Вон,1987-12-11,-,actor
136,Ким Хи Чон,1970-12-04,-,actor
137,Юн Бок Ин,1970-12-16,-,actor
138,Сон Дон Хва,1990-07-30,м,actor
139,Чхве Да Ин,2004-11-20,-,actor
140,Ким Ми Хва,1974-07-29,-,actor
141,Ким Сон Рён,1991-09-03,-,actor
142,Ли Джун Хёк,1972-03-19,м,actor
143,Ли Сон Ёль,1991-08-27,м,actor
144,Со У Сын,,м,actor
145,Пак Джин А,,ж,actor
146,Со Дон Вон,1979-04-04,-,actor
147,Хани,1992-04-30,ж,actor
148,Ким Джу А,1967-07-22,ж,actor
149,Со И Со,1995-05-10,м,actor
150,Чон Сок Хо,1984-05-02,-,actor
151,Ли Ха Ён,1993-08-03,ж,actor
152,Чхве Чон У,1957-02-17,-,actor
153,Ён Джэ Хён,1995-10-22,-,actor
154,Син Мин Су,1986-12-07,-,actor
155,Сон Джун,1990-07-10,-,actor
156,Но Сон Ын,1991-10-21,м,actor
157,Син Мун Сон,1973-12-02,-,actor
158,Ан Нэ Сан,1964-12-25,-,actor
159,Чха Ын У,1997-03-30,м,actor
160,Ли Да Хи,1985-03-15,ж,actor
161,Ким Нам Гиль,1981-03-13,м,actor
162,О Кван Рок,1962-08-28,-,actor
163,Кан Хён Джун,1972-08-15,-,actor
164,Ким Мин Джун,2010-11-09,м,actor
165,Син Дон Рёк,,-,actor
166,Чон Су Бин,1998-08-17,ж,actor
167,Го Ду Сим,1951-05-22,ж,actor
168,Гым Кван Сан,1976-05-14,-,actor
169,Ю И Джун,1994-03-03,м,actor
170,Ми Сок,1977-12-11,-,actor
171,Ю Сын Ок,1990-06-21,ж,actor
172,Ли Сун Вон,1983-02-19,-,actor
173,Хан Ги Чхан,1998-09-06,м,actor
174,Пак Со Гён,2009-10-18,-,actor
175,Ли Кю Хо,1985-03-05,-,actor
176,Пак Гын Хён,1940-06-07,-,actor
177,Пак Кван Джэ,1980-09-10,м,actor
178,Хам Гон Су,1964-12-02,-,actor
179,Чхве Тхэ Джун,1991-07-07,м,actor
180,Ким Мин Джун,1976-07-24,-,actor
181,Ким Ки Чхон,,-,actor
182,Пак Ён Су,1977-03-10,м,actor
183,Ли Хан На,1970-02-20,-,actor
184,Чон Гук Хван,1952-07-21,м,actor
185,Ким Сон О,1978-09-15,м,actor
186,Го Вон Хи,1994-09-12,ж,actor
187,Тео Ю,1981-04-11,м,actor
188,Ким Ок Бин,1987-01-03,-,actor
189,Ким Джи Хун,1981-05-09,м,actor
190,Ким Сон Рён,1967-02-08,-,actor
191,Юджин,1981-03-03,ж,actor
192,Ли Джу Бин,1989-09-18,-,actor
193,Ён Чжон Хун,1978-11-06,м,actor
194,Ли Ю Ри,1980-01-28,ж,actor
195,Чжу Чжон Хёк,1983-10-19,м,actor
196,Чхве Юн Со,1984-11-29,ж,actor
197,Чон Гю Су,1957-09-05,-,actor
198,Чэнь Фэй Юй,2000-04-09,м,actor
199,Чжан Цзин И,1999-07-10,ж,actor
200,Цзян Цзы Синь,1996-03-11,ж,actor
201,Ту Сун Янь,1974-10-06,м,actor
202,Чжао Чжи Вэй,1994-08-08,м,actor
203,Гао Сюань Мин,1995-12-23,м,actor
204,Ли Цзянь И,,-,actor
205,Лю Ди,1983-04-17,м,actor
206,Цзэн Кэ Ни,1993-06-09,ж,actor
207,Ма Кэ,1990-02-09,м,actor
208,Тянь Лэй Си,1990-09-03,ж,actor
209,Цуй Юй Синь,1996-07-06,м,actor
210,Цянь Ди Ди,1990-11-27,ж,actor
211,Кэ Най Юй,1997-11-13,ж,actor
212,Ху Вэнь Сюань,1999-05-23,м,actor
213,Чжан Си Линь,1966-07-08,-,actor
214,Им Су Хян,1990-04-19,ж,actor
215,У Хён,,-,actor
216,Ким Да Сом,1993-05-06,ж,actor
217,Ли Ён Ран,1954-03-06,-,actor
218,Сон Сон Ман,1991-08-22,ж,actor
219,Ким Джон Хён,1990-04-05,м,actor
220,Ан У Ён,1991-01-07,м,actor
221,Ли Чон Джун,1999-03-22,м,actor
222,Чха Чон Хва,1980-04-27,ж,actor
223,О Ён Силь,1965-01-30,-,actor
224,Ким Пён Ок,1960-10-11,м,actor
225,Ким Ён Ун,1971-02-20,-,actor
226,Ким Ин Квон,1978-01-20,-,actor
227,Ким Пён Чхун,1966-06-13,-,actor
228,Ван Бит На,1981-04-15,ж,actor
229,Ким Мин Сан,1968-02-07,м,actor
230,Мун Йе Вон,1991-09-10,-,actor
231,Ким Дэ Гон,1983-12-13,-,actor
232,Чо Бок Рэ,1986-07-18,м,actor
233,Ли Бо Ён,1979-01-12,ж,actor
234,Ли Ки У,1981-10-23,-,actor
235,Чо Ын Соль,1986-06-23,м,actor
236,Ли Кён Мин,,м,actor
237,Ким Су Чжин,1974-09-29,-,actor
238,Сон Ён Чхан,1957-04-02,м,actor
239,Чон Хе Джин,1988-06-17,ж,actor
240,Чон Сын Гиль,1972-08-10,-,actor
241,Чан Хён Сон,1970-07-17,-,actor
242,Ли Чхан Хун,1980-04-28,-,actor
243,Сон На Ын,1994-02-10,-,actor
244,Пэк Су Хи,1992-10-30,-,actor
245,Чон Вон Джун,1960-09-26,-,actor
246,Хан Джун У,1984-03-28,м,actor
247,Чон Йе Бин,,ж,actor
248,Пак Джи Иль,,-,actor
249,Юн Чон Хун,1994-12-18,м,actor
250,Но Мин У,1986-05-29,м,actor
251,Пак Сон Ён,1976-08-21,ж,actor
252,Но Чон Хун,1994-11-13,м,actor
253,Чон Бо Мин,1997-06-17,ж,actor
254,Ким Мин Сок,1992-07-06,-,actor
255,Со Джин Вон,1969-08-07,м,actor
256,Го Сан Хо,1985-10-05,м,actor
257,Чхве Юн Дже,1999-04-19,м,actor
258,Ким Мин Джу,2001-02-05,ж,actor
259,Чхве Док Мун,,м,actor
260,Ли Хён Голь,1979-02-08,м,actor
261,Чо Су Мин,1999-03-05,ж,actor
262,Хван Чон Мин,1969-05-23,-,actor
263,Пак Чжу Хён,1994-10-05,ж,actor
264,Гирибой,1991-01-24,м,actor
265,Ян Дон Гын,1979-06-01,-,actor
266,Чо Сын Ён,1972-04-14,-,actor
267,Ким Ён Дэ,1996-03-02,м,actor
268,Ли Чон Хён,1990-10-06,м,actor
269,Квон Хён Бин,1997-03-04,м,actor
270,Чон Джин О,1979-03-14,м,actor
271,Бай Лу,1994-09-23,ж,actor
272,Ло Юнь Си,1988-07-28,м,actor
273,Ван Си Чао,1990-07-22,м,actor
274,Сяо Шунь Яо,1988-03-23,м,actor
275,Гэн Е Тин,1998-01-10,-,actor
276,Чэнь Бо Хао,1996-10-19,-,actor
277,Сунь Чжэнь Ни,2000-05-05,ж,actor
278,Чжэн Го Линь,1976-05-27,-,actor
279,Хуан Хай Бин,1973-07-23,м,actor
280,Чан Чэн,1975-08-03,м,actor
281,Ван И Фэй,1995-06-14,-,actor
282,Хуан Юнь Юнь,,-,actor
283,Чэнь Ду Линь,1993-10-18,ж,actor
284,Хэ Чжун Хуа,1969-03-07,м,actor
285,Лю Минь,1979-08-30,-,actor
286,Тянь Цзин Фань,2001-12-18,ж,actor
287,Ли Пэй Энь,1994-06-27,м,actor
288,Юй Бо,1976-07-22,-,actor
289,Чжан Чжи Си,1987-10-17,ж,actor
290,Цзинь Чао,2000-03-22,м,actor
291,Дэн Вэй,1995-02-26,м,actor
292,Ци Ся Ся,,ж,actor
293,Чан Сын Джо,1981-12-13,м,actor
294,Кан Со Ра,1990-02-18,ж,actor
295,Ким Ро Са,1974-05-01,ж,actor
296,Чо Ын Джи,1981-02-10,-,actor
297,Ю Би,1990-06-13,-,actor
298,Ли Чжэ Вон,1986-06-21,м,actor
299,Пак Чон Вон,1992-06-09,ж,actor
300,Му Джин Сон,1988-05-24,-,actor
301,Пак Ён У,1971-03-16,-,actor
302,Син Чжу Хёп,1993-12-01,м,actor
303,Чон Ю Ми,1984-02-23,-,actor
304,Ё Ун Бок,,м,actor
305,Хан Чжу Хён,2016-06-01,ж,actor
306,Гиль Хэ Ён,1964-04-11,-,actor
307,Чон Бэ Су,1970-06-02,м,actor
308,Ли Чжэ Хун,1984-07-04,м,actor
309,Чан Хёк Джин,1971-08-16,-,actor
310,Сим Со Ён,1970-11-22,ж,actor
311,Пэ Ю Рам,1986-08-22,м,actor
312,Ким Ый Сон,1965-12-17,-,actor
313,Фрин Сароча Чанкимха,1998-08-08,ж,actor
314,Бекки Армстронг,2002-12-05,ж,actor
315,Эмпер Суттатип Вутичайпрадит,1988-10-08,-,actor
316,Билли Патчарачон Онсаад,1994-06-12,м,actor
317,Сен Вичай Сэфан,1999-03-27,м,actor
318,Сэйнт Суппапон Удомкэукантчана,1998-04-17,м,actor
319,О Тжирават Ватчирасаранпхат,1962-03-05,-,actor
320,Байтой Пунниса Сирисан,1992-02-21,-,actor
321,Джаджа Тжинтжута Сирипхен,2001-08-31,ж,actor
322,Тассаван Сенивон На Аюттая,1951-05-19,ж,actor
323,Хен Асаварит Пинитканчанапхан,1997-07-23,м,actor
324,Нон Ратчанон Канприан,2001-02-17,м,actor
325,Дью Нитикон Панкрам,1996-06-05,м,actor
326,Тхонтхон Моктчок,1977-01-25,-,actor
327,Лукнам Онтара Пунсак,1996-05-25,ж,actor
328,Ной Натнича Ворракиттикун,1997-06-16,ж,actor
329,Цзин Бо Жань,1989-04-19,м,actor
330,Тань Сун Юнь,1990-05-31,ж,actor
331,Хэ Цян,1964-10-05,м,actor
332,Гун Жуй,1995-03-09,м,actor
333,Ли Сы Ци,1993-03-27,ж,actor
334,Чэнь Юй Чэн,1990-09-08,м,actor
335,Сун И Сюн,1997-04-05,м,actor
336,Су Синь,1990-01-11,м,actor
337,У Юй Фан,1964-01-31,-,actor
338,Вэнь Шэн,1994-11-30,м,actor
339,У Чэн Цзэ,2000-05-11,м,actor
340,Хай Лин,1992-09-09,-,actor
341,Ван Хао,1996-08-13,м,actor
342,Юань Жо Хан,1997-12-09,м,actor
343,Лу Юй Пэн,1998-01-25,м,actor
344,Ша Бао Лян,1972-01-01,м,actor
345,Ли Минь Чэн,1987-03-15,м,actor
346,Сунь Я Ли,1997-09-07,ж,actor
347,Го Сяо Тянь,2000-11-02,м,actor
348,Чжан Бай Цзя,1993-06-16,ж,actor
349,Сюй Жун Чжэнь,1973-01-19,ж,actor
350,Го Юн Чжон,1996-04-22,ж,actor
351,Ли Джэ Ук,1998-05-10,м,actor
352,Хон Со Хи,1997-02-28,ж,actor
353,Со Хе Вон,1993-11-22,ж,actor
354,До Сан У,1987-12-25,-,actor
355,Хван Мин Хён,1995-08-09,м,actor
356,Чхве Йе Вон,1999-06-18,-,actor
357,Им Чхоль Су,1984-08-22,м,actor
358,Чо Джэ Юн,1974-09-15,м,actor
359,Ю Джун Сан,1969-11-28,м,actor
360,Ю Ин Су,1998-03-25,м,actor
361,О На Ра,1974-10-26,-,actor
362,Син Сын Хо,1995-11-11,-,actor
363,Пак Ын Хе,1977-02-21,-,actor
364,Ван Хэ Ди,1998-12-20,м,actor
365,Питер Хо,1975-09-13,-,actor
366,Чэнь Юй Ци,1992-07-29,ж,actor
367,Цзэн Ли,1976-09-17,ж,actor
368,Хэ Нань,1993-11-02,ж,actor
369,Чжан Цзы Цзянь,1968-10-28,м,actor
370,Ши Юй,1962-08-08,м,actor
371,Гуань Чан,1997-09-12,ж,actor
372,Ван Юэ Синь,1989-01-18,м,actor
373,Ян Мин На,1976-09-27,-,actor
374,Шэн Лан Си,1989-05-13,ж,actor
375,Ли Си Цзы,1994-04-09,м,actor
376,Сюй Чжэн Си,1985-05-05,-,actor
377,Ян Чао Юэ,1998-07-31,ж,actor
378,Ян Синь Ин,1994-11-06,-,actor
379,Гао Хань,1996-06-06,-,actor
380,Ван Чжо Чэн,1996-09-19,м,actor
381,Ли Дай Кунь,1992-07-04,м,actor
382,Ма Вэнь Юань,1996-09-10,м,actor
383,Линь Сы И,1994-04-05,ж,actor
384,Ху Юнь Хао,1989-06-27,м,actor
385,Цюань Пэй Лунь,1994-09-27,м,actor
386,Ян Хань,1995-06-29,ж,actor
387,Ли Сон Мин,1968-10-15,м,actor
388,Син Хён Бин,1986-04-10,ж,actor
389,Сон Джун Ки,1985-09-19,м,actor
390,Чо Вон Хи,1964-09-27,-,actor
391,Баро,1992-09-05,-,actor
392,Со Чжон Ён,1975-09-23,ж,actor
393,Ким Ён У,1993-09-15,м,actor
394,Ким Син Рок,1981-03-24,ж,actor
395,Чо Хе Чжу,1995-04-18,-,actor
396,Юн Чже Мун,1970-03-09,-,actor
397,Кан Джи У,2008-05-29,-,actor
398,Пак Джи Хун,1994-10-09,-,actor
399,Ким Ён Джэ,1975-10-05,-,actor
400,Со Джэ Хи,,ж,actor
401,Ли Пон Джун,1995-11-15,м,actor
402,Ким До Хён,1977-12-02,-,actor
403,Ким Джун Гён,1990-09-17,м,actor
404,Мун Сон Хён,2006-06-02,м,actor
405,Ким Нам Хи,1986-05-25,-,actor
406,Чон Хи Тэ,1975-06-22,-,actor
407,Кан Ки Дун,1987-03-25,м,actor
408,Пак Джин Ён,1994-09-22,м,actor
409,Тиффани Ён,1989-08-01,ж,actor
410,Ли Ён Джин,,-,actor
411,Чан Ый Дон,,-,actor
412,Ким Хён,1971-03-27,-,actor
413,Чха Сон Чжэ,2007-04-13,-,actor
414,Чон Хе Ён,1973-12-14,-,actor
415,Ким Кан Хун,2009-06-07,-,actor
416,Пак Хёк Квон,1971-07-11,м,actor
417,Пэ Ки Бом,1969-01-11,-,actor
418,Ли Гю Хве,1970-01-30,м,actor
419,Со Мён Чхан,,м,actor
420,Пак Джи Хён,1994-11-26,ж,actor
421,Ли Хван Ый,1967-12-09,-,actor
422,Ким Чон Нан,1971-07-16,-,actor
423,Чо Хан Чхоль,1973-05-13,м,actor
424,Ли Джи Вон,1995-06-20,ж,actor
425,Квак Сон Ён,1983-05-11,ж,actor
426,Чон Ён Хва,1989-06-22,м,actor
427,Чха Тхэ Хён,1976-03-25,м,actor
428,Чон Дон Хван,1949-08-05,-,actor
429,Ю Пён Хун,1972-12-12,-,actor
430,Им Чхоль Хён,1974-04-25,-,actor
431,Ли Чхан Ук,1984-07-02,-,actor
432,Ким Се Чжон,1996-08-28,ж,actor
433,Соль Ин А,1996-01-03,ж,actor
434,Ан Хё Соп,1995-04-17,м,actor
435,Ким Ён А,1975-05-15,ж,actor
436,Чо Джи Сын,1991-01-22,ж,actor
437,Ли Док Хва,1952-05-08,-,actor
438,Чон Ён Чжу,1971-05-23,-,actor
439,Сон Вон Сок,1988-12-16,-,actor
440,Пэ У Хи,1991-11-21,-,actor
441,Юн Сан Чжон,1998-01-17,ж,actor
442,Ким Кю Джон,1987-02-24,-,actor
443,Ким Кван Гю,1967-12-08,-,actor
444,Ким Хён Сук,1978-10-16,ж,actor
445,Чхве Бён Чан,1997-11-12,м,actor
446,Им Ки Хон,1975-11-16,м,actor
447,Ной Бусакон Понванасиривет,1970-10-08,ж,actor
448,Нича Наттанича Данваттаванит,1996-04-12,ж,actor
449,Пон Наваш Пупантачаси,1996-01-15,м,actor
450,Поп Такун Кантип,1986-10-01,м,actor
451,Пэ Питчапа Пантумчинда,1992-12-13,-,actor
452,Лина Лалина Чуэт,1999-11-25,-,actor
453,Павинар Чалиусакун,1966-01-21,-,actor
454,Смит Патвит Бурананат,,м,actor
455,Айс Атичанан Сисуэк,1988-11-29,-,actor
456,Ам Амарин Нитипхон,1969-05-30,м,actor
457,О Ман Сок,1975-01-30,м,actor
458,Хён У,1985-01-18,м,actor
459,Пак Хви Сун,1977-10-10,м,actor
460,Ин Гё Джин,1980-08-29,м,actor
461,Рё Ун,1998-08-26,м,actor
462,Гиль Ын Хе,1988-10-05,-,actor
463,Ли Ми До,1982-05-25,-,actor
464,Хван Бо Рым Бёль,1999-12-21,ж,actor
465,Ким Ки Хэ,1999-09-28,м,actor
466,Сон Джи Хёк,1987-07-13,м,actor
467,Хан Чхэ А,1984-03-21,-,actor
468,Чон Гон Джу,1995-05-26,м,actor
469,Кан Хун,1991-05-23,м,actor
470,Чжу Сок Тхэ,1976-03-19,-,actor
471,Чон Со Мин,1989-03-16,ж,actor
472,Чу Сан Ук,1978-07-18,-,actor
473,Ли Ха Юль,1987-05-20,-,actor
474,Пак Со Джин,1986-05-21,-,actor
475,Квон Ын Сон,2014-12-13,м,actor
476,Пак Сан Хун,2005-05-02,м,actor
477,Кан Гён Хон,1975-03-14,-,actor
478,Пак Пён Ын,1977-07-14,м,actor
479,Ли До Кён,1953-06-01,-,actor
480,Юн Чхан Ён,2001-04-25,м,actor
481,Пан Мин А,1993-05-13,ж,actor
482,Ким Мин Сок,1990-01-24,-,actor
483,Чжо Ми Нё,1991-10-07,-,actor
484,Пак Чон Хак,1964-11-14,-,actor
485,Ли Кю Хён,1988-04-06,м,actor
486,Ли Хе Ын,1973-05-23,-,actor
487,Ким Хён Мин,1983-09-05,-,actor
488,Чхве Тхэ Хван,1989-02-28,м,actor
489,Мун Хи Гён,1965-12-22,-,actor
490,Чон Со Мин,1986-04-07,ж,actor
491,Хо Джи На,1983-06-29,ж,actor
492,Пак Хе Джин,1958-09-21,ж,actor
493,Гон Чон Хван,1976-02-15,-,actor
494,Ха Кён,1994-06-19,м,actor
495,Пак Сон Хо,1993-05-09,м,actor
496,Ким Сон Хёк,1977-11-25,м,actor
497,Ким Сын Су,1971-07-25,-,actor
498,Гым Сэ Рок,1992-09-06,ж,actor
499,Мун Га Ён,1996-07-10,ж,actor
500,Ю Ён Сок,1984-04-11,м,actor
501,Чон Га Рам,1993-02-23,м,actor
502,Пак Ми Хён,,ж,actor
503,Юн Ю Сон,1969-01-17,-,actor
504,Пак Сон Гын,1971-05-02,-,actor
505,Сон Хун,1975-03-27,м,actor
506,Пак Хён Су,1980-12-03,м,actor
507,Чон Чжэ Сон,1970-12-16,-,actor
508,Ли Си Хун,1984-08-25,м,actor
509,О Дон Мин,1986-04-01,-,actor
510,О Со Хён,1998-03-20,ж,actor
511,Мун Тхэ Ю,1984-02-08,м,actor
512,Ян Чо А,1983-01-24,-,actor
513,Чо Ин,,ж,actor
514,Ли Хва Рён,1975-10-02,-,actor
515,Чон Су Ён,,ж,actor
516,Хон Сок Чхон,1971-02-03,м,actor
517,Чхве Кван Рок,1991-07-01,м,actor
518,У Цзюнь Чао,1993-10-27,-,actor
519,Линь Бо Жуй,1991-06-06,м,actor
520,Янь Чжи Чао,2001-05-21,ж,actor
521,Чан Дон Юн,1992-07-12,м,actor
522,Чху Ён У,1999-06-05,м,actor
523,Пак Вон Сан,1970-01-20,-,actor
524,Со Хи Чжон,1973-05-28,-,actor
525,Хён Сын Хи,1996-01-25,ж,actor
526,Чон Но Мин,1966-08-28,-,actor
527,Ин Сон Хо,1969-12-25,-,actor
528,Пэ Сыль Ги,1986-09-27,-,actor
529,Пак Но Сик,1971-05-18,м,actor
530,Им Сын Джун,1988-08-18,-,actor
531,Ким Мён Су,1966-08-27,-,actor
532,Сон Тхэ Юн,1987-08-05,-,actor
533,Хан Джэ Ён,1978-07-24,-,actor
534,Кан Чжи Ын,,ж,actor
535,Чон Джи Сун,1976-07-21,-,actor
536,Ким Се Дон,,-,actor
537,Чжин И Хан,1978-10-10,-,actor
538,Ан Чон Хун,1969-12-26,-,actor
539,Ан Дон Ёп,1991-05-17,-,actor
540,Ян Ми,1986-09-12,ж,actor
541,Сюй Кай,1995-03-05,м,actor
542,Ли Цзэ Фэн,1983-06-22,-,actor
543,Хэ Фэн Тянь,1992-02-20,м,actor
544,Лю Линь,1974-04-13,ж,actor
545,Ван Цзы Сюань,1998-08-06,ж,actor
546,Ван Кэ Да,1989-12-14,м,actor
547,Тан Цзин Мэй,1987-05-24,ж,actor
548,Хань Дун Линь,1998-12-14,м,actor
549,Ма Синь Мо,1996-01-09,ж,actor
550,Гао Синь,1976-12-11,-,actor
551,Юэ Яо Ли,1958-06-05,-,actor
552,Ли Сяо Фэн,1982-07-17,ж,actor
553,Линь Бо Ян,2000-09-06,ж,actor
554,Ли Хун И,1998-06-26,м,actor
555,Ли Синь Цзэ,1990-07-06,м,actor
556,Дай Янь Ни,1993-07-29,ж,actor
557,Лю Сюэ И,1990-07-06,м,actor
558,Ао Жуй Пэн,1995-10-06,м,actor
559,Цзян Жуй Линь,2012-10-25,м,actor
560,Ху Вэй,1997-03-06,м,actor
561,Чэн Цзы,1992-07-23,ж,actor
562,Ду Цзюнь Цзэ,1979-01-15,м,actor
563,Дун Сюань,1979-11-05,ж,actor
564,Бай Шу,1993-12-28,м,actor
565,Дэн Кай,1995-02-08,м,actor
566,Ай Ми,2008-07-11,ж,actor
567,Чжан Вэй На,1990-06-22,-,actor
568,Шэнь Бао Пин,1957-04-02,м,actor
569,Мэн Дун И,1983-06-12,м,actor
570,Цао Юй Чэнь,1993-03-15,м,actor
571,Дин Юн Дай,1958-10-27,-,actor
572,Ли Жо Цзя,1989-11-01,-,actor
573,Фань Цзинь Вэй,1993-05-21,м,actor
574,Хэ Шэн Мин,1976-07-09,м,actor
575,Чэн Сяо,1998-07-15,ж,actor
576,Ся Чжи Гуан,2000-01-04,м,actor
577,Ци Янь Ди,1995-05-20,ж,actor
578,Хэ Пэн,1989-08-12,-,actor
579,Лю Хао Цзюнь Лун,1988-03-24,м,actor
580,Ван Цзюнь,,-,actor
581,Чэнь Цзянь Юй,1998-09-01,м,actor
582,Ван Жо Шань,1998-08-22,ж,actor
583,Сяо Кай Чжун,1994-09-03,м,actor
584,Чжай Сяо Вэнь,1999-05-28,м,actor
585,Яо Чи,1998-02-26,м,actor
586,Цуй Шао Ян,1996-07-10,м,actor
587,Гоу Чэнь Хао Юй,1994-04-27,м,actor
588,Чжоу И Жань,2000-11-22,м,actor
589,Ми Жэ,1991-07-20,м,actor
590,Сунь Кай,1997-06-10,м,actor
591,Хоу Чан Жун,1960-11-12,м,actor
592,Ван И Цзюнь,1998-12-25,м,actor
593,Лин Чао,2001-01-09,-,actor
594,Ан Со Хи,1992-06-27,ж,actor
595,Ким Дон Хви,1995-12-26,м,actor
596,Ха Джун,1987-04-03,м,actor
597,Сон Гон Хи,1997-08-16,м,actor
598,Им Сон У,1983-01-13,ж,actor
599,Хо Джун Хо,1964-04-14,м,actor
600,Чхве Мён Бин,2008-04-15,ж,actor
601,Чон Ын Пё,1966-03-27,-,actor
602,Го Су,1978-10-04,-,actor
603,Чи Дэ Хан,1969-11-04,-,actor
604,Ли Чжон Ын,1970-01-23,ж,actor
605,Квон А Рым,1996-07-10,ж,actor
606,Чжан Лин Хэ,1997-12-30,м,actor
607,Юй Шу Синь,1995-12-18,ж,actor
608,Сюй Хай Цяо,1983-04-17,м,actor
609,Лю Хуа,1961-06-01,-,actor
610,Хун Сяо,1994-06-17,ж,actor
611,Ван Юэ И,1995-12-04,ж,actor
612,Чэнь Жо Сюань,1994-10-16,м,actor
613,Лю Бо Сяо,1980-07-30,м,actor
614,Чжан Чэнь Сяо,1999-10-18,м,actor
615,Го Сяо Тин,1993-01-02,-,actor
616,Пэн Бо,1988-02-05,-,actor
617,Чжао Сы Мэй,1995-07-04,ж,actor
618,Вэй Юй,,м,actor
619,Пу Юй Тун,,ж,actor
620,Хуан Синь Яо,1990-04-17,ж,actor
621,Фу Бо Хань,2012-05-16,м,actor
622,Ли И Тун,1990-09-06,ж,actor
623,Чи Цзя,1983-06-22,м,actor
624,Ян И,1990-11-07,ж,actor
625,Сун Вэй Лун,1999-03-25,м,actor
626,Хун Яо,1992-03-19,-,actor
627,Цзун Сяо Цзюнь,,м,actor
628,Хоу Тун Цзян,1946-11-22,м,actor
629,Чжан Шао Жун,,м,actor
630,Цян Ба Цай Дань,1987-07-16,м,actor
631,Се Чунь И,1997-02-06,м,actor
632,Ли Лун,1984-07-03,м,actor
633,Ван Цзянь Го,,м,actor
634,Хэ Юй Сяо,,м,actor
635,Чэнь Чуан,1974-12-19,м,actor
636,Чжан Шу Лунь,1995-03-02,м,actor
637,Го Чэн,1994-08-18,м,actor
638,Би Вэнь Цзюнь,1997-11-20,м,actor
639,Сунь И Фань,1993-08-26,м,actor
640,Ли Тай Янь,1978-12-26,м,actor
641,Чжан Чжи Чжун,,м,actor
642,Ван До,1991-05-21,м,actor
643,Мэн Цзы И,1995-12-05,ж,actor
644,И Юнь Хэ,1987-04-12,м,actor
645,Ли Цин,2000-12-13,м,actor
646,Цзян Шань,1995-10-06,ж,actor
647,Су Мэн Юнь,1997-05-01,ж,actor
648,Чжан Синь И,2000-10-15,ж,actor
649,Чжу Юань Бин,1995-01-11,м,actor
650,Ли Фэй,1996-09-16,м,actor
651,Фань Вэй,1995-08-13,ж,actor
652,Хань Юй Тун,1996-12-11,ж,actor
653,Чжан Цин,1997-05-25,ж,actor
654,Чжан Юэ Нань,1995-03-03,ж,actor
655,Мин Юэ,1996-11-13,м,actor
656,Мао Ци Шэн,1995-10-28,м,actor
657,Юй Сюань Чэнь,1997-02-17,м,actor
658,Янь Цзы Сянь,,-,actor
659,Ли Бо Вэнь,1992-12-24,м,actor
660,Чжан Синь Чэн,1995-08-24,м,actor
661,Цзян Лун,1995-03-22,-,actor
662,Фу Синь Бо,1987-03-05,-,actor
663,Сяо Юй,1999-11-10,ж,actor
664,Лю Юй Хан,1996-08-12,-,actor
665,Ан Джэ Хён,1987-07-01,-,actor
666,Пак Хэ Ми,1964-01-28,-,actor
667,Чха Хва Ён,1960-12-27,-,actor
668,Пэк Чжин Хи,1990-02-08,ж,actor
669,Ким Са Квон,1983-01-05,м,actor
670,Ким Тхэ У,1971-04-15,-,actor
671,На Ин У,1994-09-17,м,actor
672,Син Хе Сон,1989-08-31,ж,actor
673,Пэ Чон Ок,1964-05-13,-,actor
674,Син Ха Джун,,м,actor
675,Юн Чжон Ро,1985-03-22,м,actor
676,Пэк Джэ Джин,1969-06-09,-,actor
677,Юн Ги Вон,1971-08-03,-,actor
678,Ли Тхэ Гом,1980-02-28,м,actor
679,Чон Ён Ми,,ж,actor
680,Го Ин Бом,1959-10-05,-,actor
681,Чхве Хён Джу,2007-01-09,м,actor
682,Ким Хан Сан,1976-10-18,м,actor
683,Ю Чон Хо,1979-10-10,-,actor
684,Ли Сын Джин,1991-06-04,м,actor
685,Кан Да Хён,1992-09-06,-,actor
686,Пэ Ын У,,ж,actor
687,Ю Мин Гю,1987-09-18,м,actor
688,Со Га Ын,2009-11-16,-,actor
689,Ом Со Хён,2009-10-28,ж,actor
690,Квон Ын Су,1989-02-04,-,actor
691,Ким Ён Джин,1981-09-22,-,actor
692,Ким Чжи Вон,,ж,actor
693,Ким Джу Ён,1995-03-02,-,actor
694,Хан Джи Хо,1986-08-02,м,actor
695,Ли Сын А,,-,actor
696,Мун Чхан Джун,,м,actor
697,Кан Джи Ху,1980-12-07,-,actor
698,Чо Ён Хи,,ж,actor
699,Квон Ён Ун,1963-05-03,-,actor
700,Юн Бон Гиль,1983-11-07,-,actor
701,Чхэ Со Ын,1998-10-23,ж,actor
702,Ким Йе Чжи,2000-01-26,ж,actor
703,Ли Чхан Ю,2006-09-07,м,actor
704,Со Хе Рён,,ж,actor
705,Ким Пан Вон,1982-11-30,м,actor
706,На Ми Хи,,ж,actor
707,Ким Сын Ван,,-,actor
708,Ли Чхоль Мин,1970-07-11,-,actor
709,Чже Сын Хён,,ж,actor
710,Мин Чжон Соп,1984-04-11,-,actor
711,Ким Кён Мин,1975-02-11,м,actor
712,Со Дон Сок,1978-02-19,м,actor
713,Юн Джин Хо,1971-07-06,м,actor
714,Пак Джи Хон,1986-09-16,м,actor
715,Ким Джэ Хо,1991-05-14,м,actor
716,Ли Су Ён,1990-11-30,ж,actor
717,Сон Мин Хён,1954-03-02,-,actor
718,О Дже Гын,,м,actor
719,Ю Ён Джэ,1994-01-24,м,actor
720,Чхве Ё Хан,1974-06-26,м,actor
721,О Джи Ён,1978-01-30,ж,actor
722,Гу Чжа Гон,1994-02-01,м,actor
723,Ким Га Ын,2012-10-26,ж,actor
724,Ха Мин,1969-09-20,ж,actor
725,Ли Хё Бин,,ж,actor
726,Чан Ён Бок,,м,actor
727,Син Хэ Юн,2012-12-14,ж,actor
728,Ом Чжи Ман,1976-12-11,-,actor
729,Хан Сан Чжо,1993-09-22,м,actor
730,Ким Нан Хи,1971-07-10,-,actor
731,Ким Сан Ук,1968-09-02,м,actor
732,Чхве Ён Мин,1984-04-08,м,actor
733,Сон Мин Су,1965-01-03,м,actor
734,Ким Джин Хо,,-,actor
735,Мун Хак Джин,1989-10-23,м,actor
736,Но Джэ Хун,1990-07-07,м,actor
737,Ким Кван Сик,1971-07-30,м,actor
738,Ан Джу Ри,,ж,actor
739,Ли Чжон Хви,,ж,actor
740,Пак Ки Пё,1993-11-22,м,actor
741,Мун Сын Бэ,1985-10-09,м,actor
742,Чхве Хван И,1991-09-13,м,actor
743,Чхве Джин Хёк,1986-02-09,м,actor
744,Ким Чон Чхоль,,м,actor
745,Чжи Хо Сон,1995-04-06,-,actor
746,На Ын Юль,2010-05-10,м,actor
747,Марко Гумабао,1994-08-14,м,actor
748,Юн Чон Бин,1995-10-26,-,actor
749,Чхве Мун Хи,1997-04-25,-,actor
750,Ким Су Гём,2001-12-03,м,actor
751,Ким Со Хи,1999-12-31,ж,actor
752,Квон Ын Бин,2000-01-06,-,actor
753,Чжи Мин Хёк,2001-09-23,-,actor
754,Ан До Гю,2000-09-28,-,actor
755,Ким Мин Чхоль,2000-09-07,-,actor
756,Син Хе Чжи,1996-07-06,ж,actor
757,Мун Сан Мин,2000-04-14,м,actor
758,Ким Чон Лан,1995-09-01,ж,actor
759,Син Хён Су,1989-07-08,-,actor
760,О Се Ын,2001-06-09,ж,actor
761,Но Джон Хён,1993-01-16,м,actor
762,Хван Се Ин,,ж,actor
763,Хон Са Бин,1997-04-18,м,actor
764,Син Су Хён,1996-02-27,ж,actor
765,У Мин Гю,2000-12-02,-,actor
766,Йе Чжу Ха,,ж,actor
767,Им Се Ми,1987-05-29,ж,actor
768,Ким Джэ Ён,1988-09-30,-,actor
769,Го Кён Пё,1990-06-11,м,actor
770,Пак Мин Ён,1986-03-04,ж,actor
771,Ким Хён Мок,1991-09-18,-,actor
772,Чон Сон Хо,1974-04-27,м,actor
773,Ян Чон А,1971-07-25,-,actor
774,Ан Сок Хван,1959-11-01,-,actor
775,Чжин Гён,1972-03-27,ж,actor
776,Пэ Хэ Сон,1974-05-08,-,actor
777,Пак Чхоль Мин,1967-01-18,м,actor
778,Ли Сын Чхоль,1950-04-07,-,actor
779,Нана,1991-09-14,ж,actor
780,О Рён,1980-07-31,-,actor
781,Пак Кён Хе,1993-01-05,ж,actor
782,Чон Чон Иль,1971-08-07,-,actor
783,Кан Хён Сок,1992-01-01,м,actor
784,О Ын Со,2017-10-28,ж,actor
785,Ли Ха Мин,,м,actor
786,Ким Дон Хён,,-,actor
787,Тэ Хан Хо,1983-07-22,-,actor
788,Дэн Ин,1976-11-21,-,actor
789,Ян Юй Тин,1978-09-09,-,actor
790,Хэ Жуй Сянь,1994-01-22,ж,actor
791,Цзун Фэн Янь,1978-07-22,м,actor
792,Ван Вэй Хуа,1971-11-05,м,actor
793,Ян Ши Цзэ,1992-10-25,м,actor
794,Ци Цзи,1982-12-30,-,actor
795,Чэнь Хэ И,2000-10-12,м,actor
796,Ван Мао Лэй,1976-11-27,-,actor
797,Лю Тэ,1996-06-27,м,actor
798,Ма Юэ,1996-02-11,ж,actor
799,Чжао Лу Сы,1998-11-09,ж,actor
800,У Лэй,1999-12-26,м,actor
801,Тун Лэй,1980-01-13,ж,actor
802,Юй Чэн Энь,1998-09-21,м,actor
803,Сюй Ди,,ж,actor
804,Шао Юнь,1994-03-03,ж,actor
805,Чэнь Шу,1977-03-09,ж,actor
806,Чжан Тянь Ян,1987-11-02,м,actor
807,Ван Цзы Вэй,1996-11-20,-,actor
808,Эдди Ко,,-,actor
809,Цзян Чао,1975-03-19,-,actor
810,Ху Цзя Синь,2001-09-24,ж,actor
811,Е Цзу Синь,1984-07-08,-,actor
812,Цао Си Вэнь,1983-11-16,ж,actor
813,Ли Юнь Жуй,1996-08-24,м,actor
814,Чжан Юэ,1994-09-14,ж,actor
815,Чэнь И Хань,1997-10-17,-,actor
816,Бао Цзянь Фэн,1975-11-03,м,actor
817,Го Тао,1969-12-17,м,actor
818,Тан Мэн Цзя,1994-07-15,-,actor
819,Сюй Цзяо,1997-08-05,ж,actor
820,Ли Ци Гэ,1999-10-28,м,actor
821,Ян Сяо Тин,,ж,actor
822,Чан Хи Джин,1983-05-09,ж,actor
823,Пон Тхэ Гю,1981-05-19,м,actor
824,Пак Ки Ун,1985-02-13,-,actor
825,Ли Сан Юн,1981-08-15,м,actor
826,Ли Чжи А,1978-08-06,ж,actor
827,Хан Су Ён,1983-04-24,-,actor
828,Кён Ми Ри,1965-01-27,ж,actor
829,Патрисия Танчанок Гуд,1997-08-18,ж,actor
830,Пуш Путичай Касетсин,1986-07-03,м,actor
831,Бон Тчитпхану Кломкэу,1990-12-09,м,actor
832,Киак Ваттхикон Пхэмсапхиран,1992-01-25,м,actor
833,Бёрд Киттитат Прадап,1986-09-22,-,actor
834,Брайт Рапипон Тапсуван,1996-05-11,м,actor
835,Бой Пидсану Нимсакун,1978-08-10,-,actor
836,Ум Апхасири Нитипхон,1970-09-14,ж,actor
837,Кой Тарика Тхидатхит,1952-08-27,ж,actor
838,Тонхом Сакунтала Тиенпайрот,1977-10-25,-,actor
839,Прева Ничапат Чатчайпонрат,1995-09-17,-,actor
840,Тао Адисон Атакрит,1980-12-14,-,actor
841,Нин Нирут Сиритжаня,1947-05-02,-,actor
842,Чхве Хён Ук,2002-01-30,м,actor
843,Пак Джи Хун,1999-05-29,м,actor
844,Хон Кён,1996-02-14,-,actor
845,На Чхоль,1986-12-24,м,actor
846,Чха У Мин,2000-10-24,м,actor
847,Ю Су Бин,1992-11-06,-,actor
848,Чан Тэ Ун,2005-03-16,-,actor
849,Ём Чжи Ён,1984-07-10,-,actor
850,Ким Тхэ Джун,1988-01-16,-,actor
851,Ким Сон Гюн,1980-05-25,м,actor
852,Ли Джэ Хак,,м,actor
853,Пён Джун Хи,,ж,actor
854,Ло Цю Юнь,1997-11-09,ж,actor
855,Дун Янь,1996-03-20,ж,actor
856,Э Ли Я,1992-05-10,ж,actor
857,Цзя Най,2002-01-22,ж,actor
858,И Да Цянь,1994-08-01,м,actor
859,Хэ Чан Си,1997-11-24,м,actor
860,Фу Цзя,1990-02-05,м,actor
861,Дин Юй Си,1995-07-20,м,actor
862,Пэн Сяо Жань,1990-12-03,ж,actor
863,Ван Цзы Жуй,1987-08-29,м,actor
864,Ан Гиль Хо,,-,director
865,Ю Дже Вон,,-,director
866,Ли Чон Джэ,,-,director
867,Грэмми Чу,,м,director
868,Ли Кван Ён,1987-01-11,ж,director
869,Пак Кван Хён,1969-08-21,-,director
870,Ким Чон Квон,1969-07-07,-,director
871,Лю Чунь Чиэ,,м,director
872,Пэк Су Чхан,,-,director
873,Ли Чхан Мин,,-,director
874,Пак Сан У,,-,director
875,Цзюй Цзюэ Лян,,м,director
876,Ким Ян Хи,,-,director
877,Юй Цуй Хуа,,м,director
878,Пак Джун Хва,,-,director
879,У Цян,,-,director
880,Лау Квок Фай,,м,director
881,Чон Дэ Юн,,-,director
882,Ли Джин Со,,-,director
883,Пак Сон Хо,,-,director
884,Ким Чон Мин,,-,director
885,Кан Соль,,ж,director
886,Чо Ён Мин,,-,director
887,Юн Сон Сик,,-,director
888,Хан Хи,1965-10-19,-,director
889,Тэн Хуа Тао,,м,director
890,Линь Янь,1982-05-17,ж,director
891,Инь Тао,1982-09-06,-,director
892,Цю Чжун Вэй,,-,director
893,Мин Ён Хон,,-,director
894,И Чжэнь,,м,director
895,Чжоу Цзя Вэнь,,м,director
896,Хан Джун Со,,-,director
897,Сон Ён Иль,,-,director
898,Нам Сон У,,-,director
899,Ли Хуэй Чжу,,-,director
900,Фэй Чжэнь Сян,,-,director
901,Чхве Ён Хун,,-,director
902,Пин Криэнкрайсакун,,м,director
903,Се Цзэ,,м,director
904,Ким Ын Сук,,-,screenwriter905,Ян Хи Сын,,-,screenwriter906,Чон Хён Чжон,,-,screenwriter907,Ма Цзя,,ж,screenwriter908,Чан Юн Ми,,-,screenwriter909,Чхве Су Ён,,-,screenwriter910,Чжоу Юн,,-,screenwriter911,О Сан Хо,,-,screenwriter912,Мо Бао Фэй Бао,1986-02-13,ж,screenwriter913,Сёстры Хон,,-,screenwriter914,Ли Цзин Лин,,ж,screenwriter915,Тан Ци Цэнь,,ж,screenwriter916,Бай И Цун,,-,screenwriter917,Ким Тхэ Хи,,-,screenwriter918,Квон Ым Ми,,-,screenwriter919,Хан Бо Гён,,ж,screenwriter920,Чон Хён Су,,-,screenwriter921,Пан Ки Ри,,-,screenwriter922,Сунь Юань,,-,screenwriter923,Лю Сяо Линь,,-,screenwriter924,Чо Чжон Чжу,,-,screenwriter925,Пак Ке Ок,1970-01-03,-,screenwriter926,Ха Гу Дам,,-,screenwriter927,Лэй Синь Линь,,ж,screenwriter928,Ким Сун Ок,1971-10-24,-,screenwriter